Symbol,Series,Date,Prev Close,Open Price,High Price,Low Price,Last Price,Close Price,Average Price,Total Traded Quantity,Turnover in Lacs,No. of Trades,Deliverable Qty,% Dly Qt to Traded Qty
TCS,EQ,25-Apr-14,2213.75,2227,2235,2193.2,2203.85,2205.25,2203.67,1580224,34823,81051,1157391,73.24
TCS,EQ,28-Apr-14,2205.25,2205.25,2222.7,2180.1,2186.65,2191.35,2195.43,1275383,28000.13,81405,900404,70.6
TCS,EQ,29-Apr-14,2191.35,2186,2206.35,2176.9,2195,2194.25,2195.06,923090,20262.4,67577,641624,69.51
TCS,EQ,30-Apr-14,2194.25,2185.1,2205.6,2181,2191,2189.2,2190.56,1198689,26258,70291,960888,80.16
TCS,EQ,2-May-14,2189.2,2181.25,2219.9,2181.25,2208.45,2208.45,2207.37,958889,21166.25,48854,640030,66.75
TCS,EQ,5-May-14,2208.45,2210.8,2229,2204.15,2209.6,2213.7,2220.64,657239,14594.89,50891,433454,65.95
TCS,EQ,6-May-14,2213.7,2213.7,2221.6,2190,2199.5,2198.9,2198.17,480616,10564.78,50253,330069,68.68
TCS,EQ,7-May-14,2198.9,2191.05,2203,2140.1,2165,2165.55,2165.69,2358091,51068.96,81592,2013398,85.38
TCS,EQ,8-May-14,2165.55,2165.1,2181.8,2147.65,2155,2162.05,2160.74,1303450,28164.12,57679,981809,75.32
TCS,EQ,9-May-14,2162.05,2152,2184.7,2152,2162,2159.9,2171.23,899720,19534.98,52488,600529,66.75
TCS,EQ,12-May-14,2159.9,2153,2166.7,2123.15,2164.85,2159.35,2147.47,1443032,30988.63,63790,1068192,74.02
TCS,EQ,13-May-14,2159.35,2165.8,2239,2165.8,2209,2210.95,2201.67,1273742,28043.56,61340,810242,63.61
TCS,EQ,14-May-14,2210.95,2214.4,2237.7,2201.1,2217.5,2216.1,2218.6,694614,15410.7,42813,434571,62.56
TCS,EQ,15-May-14,2216.1,2216.1,2225,2171.15,2196.75,2193.15,2191,1260098,27608.69,55726,995857,79.03
TCS,EQ,16-May-14,2193.15,2200.05,2253.4,2100.25,2160,2160.75,2182.83,2620899,57209.86,108446,1844758,70.39
TCS,EQ,19-May-14,2160.75,2150,2160,1999.5,2026,2036.7,2036.04,3258303,66340.51,134136,2377378,72.96
TCS,EQ,20-May-14,2036.7,2028,2160,2028,2062,2068.2,2068.91,2351057,48641.14,102010,1659683,70.59
TCS,EQ,21-May-14,2068.2,2061.2,2089,2055.8,2083,2082.85,2075.42,2058473,42722.02,85447,1664115,80.84
TCS,EQ,22-May-14,2082.85,2096.75,2124,2075.1,2108,2111.95,2108.25,2108421,44450.7,92965,1640264,77.8
TCS,EQ,23-May-14,2111.95,2119,2149,2096,2129.85,2127.9,2126.25,1547390,32901.39,67074,1219172,78.79
TCS,EQ,26-May-14,2127.9,2149,2169.6,2133.6,2155.05,2154,2151.13,1325425,28511.63,53883,979408,73.89
TCS,EQ,27-May-14,2154,2160.15,2184.6,2118,2132,2131.45,2143.11,897547,19235.39,53842,532534,59.33
TCS,EQ,28-May-14,2131.45,2140,2158.75,2122.45,2152,2150.55,2146.7,943744,20259.39,67958,671044,71.1
TCS,EQ,29-May-14,2150.55,2145,2180,2135.2,2163.85,2159.95,2157.21,1410355,30424.25,90581,990215,70.21
TCS,EQ,30-May-14,2159.95,2158.8,2167,2130.15,2144.75,2141.35,2141.16,1292824,27681.39,55989,896287,69.33
TCS,EQ,2-Jun-14,2141.35,2144,2157.75,2116.05,2133.85,2129.85,2127.71,547579,11650.89,39797,407480,74.41
TCS,EQ,3-Jun-14,2129.85,2129.85,2138,2105.2,2129.95,2128.6,2128.39,1242314,26441.25,54006,997366,80.28
TCS,EQ,4-Jun-14,2128.6,2130,2134.9,2077,2088,2089.25,2089.35,1070531,22367.13,66411,811467,75.8
TCS,EQ,5-Jun-14,2089.25,2083.1,2116.4,2068,2100.15,2104.15,2092.64,2174235,45498.95,94900,1704360,78.39
TCS,EQ,6-Jun-14,2104.15,2100.15,2107.8,2056,2085,2084.25,2075.46,1680793,34884.15,91602,1264029,75.2
TCS,EQ,9-Jun-14,2084.25,2087,2118,2080,2114.95,2113.8,2109.34,1333098,28119.54,78066,1044933,78.38
TCS,EQ,10-Jun-14,2113.8,2115,2160.95,2115,2155.55,2158.15,2143.38,1314034,28164.77,80530,883365,67.23
TCS,EQ,11-Jun-14,2158.15,2165,2214,2138.2,2204.2,2206.95,2187.46,1772281,38767.93,102815,967759,54.61
TCS,EQ,12-Jun-14,2206.95,2249,2254,2183.8,2238.1,2237.35,2222.95,1367169,30391.48,75398,798442,58.4
TCS,EQ,13-Jun-14,2237.35,2238,2239,2185.05,2220,2213.55,2206.02,952011,21001.51,69814,519133,54.53
TCS,EQ,16-Jun-14,2213.55,2210,2276.95,2210,2270,2269.75,2261.41,1219953,27588.1,85866,738278,60.52
TCS,EQ,17-Jun-14,2269.75,2284.9,2297,2271,2275,2279.85,2283.37,959072,21899.17,74343,656454,68.45
TCS,EQ,18-Jun-14,2279.85,2293,2293,2221.3,2221.3,2227.05,2241.97,974412,21846,70364,571946,58.7
TCS,EQ,19-Jun-14,2227.05,2230,2289,2210.1,2280.15,2276.05,2252.21,948177,21354.94,57665,474612,50.06
TCS,EQ,20-Jun-14,2276.05,2284.9,2299,2262,2286.2,2292.4,2285.14,577837,13204.4,32093,373705,64.67
TCS,EQ,23-Jun-14,2292.4,2293,2299.9,2254.05,2260.1,2268.85,2270.33,631367,14334.11,40067,391667,62.03
TCS,EQ,24-Jun-14,2268.85,2269,2319.5,2255,2314.9,2309.05,2290.32,739550,16938.05,50209,485167,65.6
TCS,EQ,25-Jun-14,2309.05,2310,2320,2293,2299.9,2310.55,2310.24,514211,11879.49,39929,308298,59.96
TCS,EQ,26-Jun-14,2310.55,2296,2344.15,2291.15,2304,2307.65,2312.57,1018091,23544.07,42206,712024,69.94
TCS,EQ,27-Jun-14,2307.65,2317,2406.9,2315,2400.1,2399.55,2383.97,1529418,36460.94,77416,893990,58.45
TCS,EQ,30-Jun-14,2399.55,2400.55,2435,2376.6,2413.95,2425.4,2413.97,1073235,25907.6,48687,611288,56.96
TCS,EQ,1-Jul-14,2425.4,2418.9,2419,2382.3,2391.3,2390.75,2396.4,546395,13093.83,33485,279483,51.15
TCS,EQ,2-Jul-14,2390.75,2400,2411.75,2383.5,2401.1,2401.6,2397.77,453870,10882.76,32033,264310,58.23
TCS,EQ,3-Jul-14,2401.6,2399,2445,2392,2410,2417.9,2421.16,763381,18482.64,64913,480272,62.91
TCS,EQ,4-Jul-14,2417.9,2412.4,2425.5,2401,2416.1,2410.5,2412.73,268068,6467.76,21597,133336,49.74
TCS,EQ,7-Jul-14,2410.5,2420.05,2498,2410.4,2490,2488.55,2473.31,1102451,27267.08,51992,643967,58.41
TCS,EQ,8-Jul-14,2488.55,2484.95,2486.15,2433.25,2444.5,2449.45,2458.25,1250294,30735.34,64334,860571,68.83
TCS,EQ,9-Jul-14,2449.45,2470,2472.65,2381.6,2400,2398.15,2420.77,777121,18812.34,40909,411940,53.01
TCS,EQ,10-Jul-14,2398.15,2399.55,2419.6,2335,2345.9,2351.8,2375.22,995281,23640.14,58688,581066,58.38
TCS,EQ,11-Jul-14,2351.8,2371,2410,2361.1,2410,2394.45,2391.33,664723,15895.71,47547,318792,47.96
TCS,EQ,14-Jul-14,2394.45,2418.8,2439,2385.25,2428,2426.25,2418.04,793962,19198.34,64400,456927,57.55
TCS,EQ,15-Jul-14,2426.25,2426.2,2430,2393.75,2400.95,2399.3,2404.15,694828,16704.74,38359,426286,61.35
TCS,EQ,16-Jul-14,2399.3,2409.65,2424,2386.85,2404,2401.85,2403.16,703620,16909.14,35318,357106,50.75
TCS,EQ,17-Jul-14,2401.85,2410,2429.8,2375,2379.95,2381.95,2395.45,895110,21441.88,55365,486803,54.38
TCS,EQ,18-Jul-14,2381.95,2452,2485,2435,2445,2441.2,2461.21,1753744,43163.28,65241,550472,31.39
TCS,EQ,21-Jul-14,2441.2,2468,2469.85,2443.05,2462,2463.75,2456.42,490536,12049.63,28243,286929,58.49
TCS,EQ,22-Jul-14,2463.75,2465,2540,2461.9,2530.15,2532.4,2496.09,1199508,29940.76,60679,656917,54.77
TCS,EQ,23-Jul-14,2532.4,2540,2596.3,2532.3,2580,2586.15,2574.1,1032929,26588.67,61631,432489,41.87
TCS,EQ,24-Jul-14,2586.15,2594.9,2602,2567,2591,2595.2,2584.1,740709,19140.67,43633,336563,45.44
TCS,EQ,25-Jul-14,2595.2,2594,2614.35,2567,2610,2605.75,2587.82,903457,23379.85,52802,574396,63.58
TCS,EQ,28-Jul-14,2605.75,2577.15,2599.65,2555,2584.4,2589.3,2579.61,657461,16959.94,45346,384720,58.52
TCS,EQ,30-Jul-14,2589.3,2584.8,2610,2572.6,2585,2595.05,2592.06,949626,24614.87,58885,682508,71.87
TCS,EQ,31-Jul-14,2595.05,2575.1,2598,2569.25,2582,2580.05,2579.59,1203605,31048.13,65616,950765,78.99
TCS,EQ,1-Aug-14,2580.05,2575,2587.95,2510,2516,2516.4,2546.61,1190941,30328.61,59210,785711,65.97
TCS,EQ,4-Aug-14,2516.4,2532,2541.9,2488,2527.5,2526.05,2517.98,914318,23022.34,49092,492198,53.83
TCS,EQ,5-Aug-14,2526.05,2544.9,2545,2490.1,2524,2523.7,2520.22,702328,17700.23,44849,366196,52.14
TCS,EQ,6-Aug-14,2523.7,2516.15,2534.85,2490.25,2512.55,2506.65,2510.8,918781,23068.77,46871,604757,65.82
TCS,EQ,7-Aug-14,2506.65,2490,2495,2459.05,2468.9,2469.8,2472.72,836328,20680.08,43519,441551,52.8
TCS,EQ,8-Aug-14,2469.8,2465,2507.7,2465,2479,2478.7,2484.9,732395,18199.29,37930,278109,37.97
TCS,EQ,11-Aug-14,2478.7,2490.9,2495.55,2455,2464.3,2468.4,2475.25,645448,15976.44,37616,349673,54.18
TCS,EQ,12-Aug-14,2468.4,2489.9,2489.9,2440.2,2469.65,2471.75,2459.71,492276,12108.57,30316,257233,52.25
TCS,EQ,13-Aug-14,2471.75,2470,2530,2470,2500,2500.05,2501.07,1384189,34619.57,69764,909274,65.69
TCS,EQ,14-Aug-14,2500.05,2514,2532,2490.05,2496,2499.75,2510.16,789028,19805.87,59273,540743,68.53
TCS,EQ,18-Aug-14,2499.75,2491.05,2505,2470,2481,2487.6,2485.67,686630,17067.32,73851,466989,68.01
TCS,EQ,19-Aug-14,2487.6,2500,2504.9,2435,2438,2438.5,2446.29,1617078,39558.44,98599,1254346,77.57
TCS,EQ,20-Aug-14,2438.5,2444.5,2455.05,2430.05,2438.85,2436.2,2439.66,1028379,25088.95,39277,755778,73.49
TCS,EQ,21-Aug-14,2436.2,2447,2460,2430,2432.5,2432.45,2440.14,1132725,27640.09,64360,777345,68.63
TCS,EQ,22-Aug-14,2432.45,2444,2468.2,2435.8,2462,2464.2,2455.23,1548119,38009.86,83872,1123041,72.54
TCS,EQ,25-Aug-14,2464.2,2470,2528.5,2466.9,2521.7,2522.05,2511.52,1571756,39474.96,50860,1117085,71.07
TCS,EQ,26-Aug-14,2522.05,2529,2550,2500,2528.45,2533.8,2534.69,907745,23008.52,49485,569931,62.79
TCS,EQ,27-Aug-14,2533.8,2534,2567.4,2514.05,2547.9,2549.95,2552.51,717730,18320.13,46881,424707,59.17
TCS,EQ,28-Aug-14,2549.95,2547,2549.3,2513,2516.7,2522.35,2528.6,883144,22331.22,40308,589093,66.7
TCS,EQ,1-Sep-14,2522.35,2525.4,2560,2523.05,2538.75,2537.15,2544.34,405074,10306.48,33608,258746,63.88
TCS,EQ,2-Sep-14,2537.15,2545.8,2554.8,2514.1,2542,2537.9,2541.45,703970,17891.05,37899,438610,62.31
TCS,EQ,3-Sep-14,2537.9,2539,2616,2539,2602.9,2606.4,2598.3,1530845,39775.9,72768,864675,56.48
TCS,EQ,4-Sep-14,2606.4,2622,2627.45,2577.45,2577.65,2584.75,2594.71,850799,22075.74,57553,580032,68.17
TCS,EQ,5-Sep-14,2584.75,2599.9,2621.8,2583.05,2595.5,2598.6,2600.27,733530,19073.75,45025,463954,63.25
TCS,EQ,8-Sep-14,2598.6,2612,2650,2599.05,2640,2642.7,2629.44,848671,22315.3,41269,569348,67.09
TCS,EQ,9-Sep-14,2642.7,2652,2667,2625.1,2631,2631.25,2639.63,709049,18716.3,35859,470036,66.29
TCS,EQ,10-Sep-14,2631.25,2638,2642.75,2591.2,2609.1,2600.15,2618.31,629384,16479.23,37937,447877,71.16
TCS,EQ,11-Sep-14,2600.15,2610,2624.4,2591.5,2599,2598.35,2603.76,537811,14003.32,27555,281754,52.39
TCS,EQ,12-Sep-14,2598.35,2610,2624.35,2593.2,2609.85,2607.6,2609.08,598105,15605.04,27279,311321,52.05
TCS,EQ,15-Sep-14,2607.6,2614,2618.6,2554,2559.95,2558.3,2570.41,575772,14799.69,33049,367013,63.74
TCS,EQ,16-Sep-14,2558.3,2566,2575,2544,2557.05,2550.85,2556.67,767804,19630.23,40518,482407,62.83
TCS,EQ,17-Sep-14,2550.85,2561,2604.75,2561,2591,2591.2,2586.58,828850,21438.84,42962,432239,52.15
TCS,EQ,18-Sep-14,2591.2,2591.7,2651.8,2581,2631,2642.3,2627.39,741539,19483.09,54613,388301,52.36
TCS,EQ,19-Sep-14,2642.3,2643,2740,2642,2700,2714.2,2709.79,1793932,48611.71,73423,1113886,62.09
TCS,EQ,22-Sep-14,2714.2,2714,2734,2676.25,2728,2721.8,2701.84,499792,13503.59,28046,274554,54.93
TCS,EQ,23-Sep-14,2721.8,2724,2782.45,2683.3,2694,2688.2,2721.78,1027995,27979.79,60907,598698,58.24
TCS,EQ,24-Sep-14,2688.2,2693,2706.95,2632.75,2651.25,2643,2657.07,1221066,32444.59,64331,870004,71.25
TCS,EQ,25-Sep-14,2643,2660.95,2725,2660,2715,2708.6,2700.87,1236579,33398.34,76112,798977,64.61
TCS,EQ,26-Sep-14,2708.6,2710,2724.9,2670.1,2685,2684,2691.15,806356,21700.25,65860,550843,68.31
TCS,EQ,29-Sep-14,2684,2695.4,2775.45,2675.3,2774,2767.95,2750.48,1044767,28736.09,54935,670864,64.21
TCS,EQ,30-Sep-14,2767.95,2772.95,2776.65,2708.15,2736.95,2736.6,2739.08,1394477,38195.87,78318,764302,54.81
TCS,EQ,1-Oct-14,2736.6,2752,2802,2737,2775,2775.6,2779.31,1071011,29766.72,67777,585525,54.67
TCS,EQ,7-Oct-14,2775.6,2739.6,2839.7,2725.6,2730.9,2731.35,2773.63,1728837,47951.5,86959,1188774,68.76
TCS,EQ,8-Oct-14,2731.35,2738,2739.95,2649.25,2688,2683.2,2680.59,981221,26302.54,66807,595170,60.66
TCS,EQ,9-Oct-14,2683.2,2708,2723.3,2686.5,2710.1,2706.05,2706.3,842588,22802.93,38100,466725,55.39
TCS,EQ,10-Oct-14,2706.05,2706,2727.45,2668.5,2679,2678.5,2694.64,1172181,31586.01,57838,594794,50.74
TCS,EQ,13-Oct-14,2678.5,2680,2724.8,2670,2718.2,2716.55,2708.46,1104766,29922.2,63544,596246,53.97
TCS,EQ,14-Oct-14,2716.55,2730,2735.7,2678.8,2702.25,2699.2,2697.82,1184703,31961.16,75961,717744,60.58
TCS,EQ,16-Oct-14,2699.2,2730,2758.6,2664.25,2680.45,2678.1,2716.58,1924007,52267.18,103718,1063717,55.29
TCS,EQ,17-Oct-14,2678.1,2475,2511.35,2430,2433,2441.15,2470.11,4946406,122181.59,234927,2685559,54.29
TCS,EQ,20-Oct-14,2441.15,2490,2493.6,2417.95,2425.5,2423.3,2441.15,1699621,41490.24,92248,1042695,61.35
TCS,EQ,21-Oct-14,2423.3,2425.85,2443.75,2415,2435,2433.4,2428.83,975366,23689.96,53575,535647,54.92
TCS,EQ,22-Oct-14,2433.4,2485,2489,2445.1,2452.6,2451.85,2455.51,1033832,25385.85,79723,755848,73.11
TCS,EQ,23-Oct-14,2451.85,2465,2468,2455,2464,2465.35,2463.59,156299,3850.57,8946,113461,72.59
TCS,EQ,27-Oct-14,2465.35,2519,2519.7,2444.95,2458.15,2457.15,2467.27,1398604,34507.27,65973,1069938,76.5
TCS,EQ,28-Oct-14,2457.15,2484.9,2484.9,2453.45,2479.2,2478.6,2471.82,1144979,28301.84,71704,810037,70.75
TCS,EQ,29-Oct-14,2478.6,2475,2514,2473,2504,2506.05,2493.85,1212508,30238.08,62974,829033,68.37
TCS,EQ,30-Oct-14,2506.05,2521.8,2574.9,2509,2563,2558.2,2550.36,2055646,52426.3,96060,1456714,70.86
TCS,EQ,31-Oct-14,2558.2,2561,2620,2561,2614.55,2607.85,2593.12,1585035,41101.93,76177,1138359,71.82
TCS,EQ,3-Nov-14,2607.85,2649,2649,2580.5,2596,2590.35,2604.36,1270816,33096.58,89320,828856,65.22
TCS,EQ,5-Nov-14,2590.35,2638,2638,2590,2605,2599.5,2600.96,1155321,30049.48,96379,774683,67.05
TCS,EQ,7-Nov-14,2599.5,2604.8,2615.7,2557,2570,2572.85,2575.55,1063370,27387.68,61131,695652,65.42
TCS,EQ,10-Nov-14,2572.85,2575.1,2582,2551,2575,2569.65,2562.92,770982,19759.65,101497,450053,58.37
TCS,EQ,11-Nov-14,2569.65,2578,2594,2555.4,2574.4,2580.7,2576.41,624970,16101.78,48869,341850,54.7
TCS,EQ,12-Nov-14,2580.7,2580,2611,2575,2595,2591.75,2598.95,660291,17160.66,55902,385881,58.44
TCS,EQ,13-Nov-14,2591.75,2595,2604.9,2565.15,2590,2588.45,2585.94,822770,21276.31,48660,450199,54.72
TCS,EQ,14-Nov-14,2588.45,2585.2,2611.15,2575,2598.95,2606.45,2593.57,728587,18896.44,61264,474183,65.08
TCS,EQ,17-Nov-14,2606.45,2595.1,2625,2592.25,2615,2618.3,2609.64,785276,20492.85,40229,493987,62.91
TCS,EQ,18-Nov-14,2618.3,2620,2626.65,2579.75,2585.7,2585.85,2597.99,733513,19056.57,88497,484207,66.01
TCS,EQ,19-Nov-14,2585.85,2598,2598,2557.45,2577.8,2573.75,2570.88,932873,23983.06,79245,621500,66.62
TCS,EQ,20-Nov-14,2573.75,2588,2610.25,2560.55,2608.5,2605.45,2589.44,897693,23245.23,49550,510732,56.89
TCS,EQ,21-Nov-14,2605.45,2608,2640,2586.65,2615.05,2622.15,2614.63,1000797,26167.12,79151,625586,62.51
TCS,EQ,24-Nov-14,2622.15,2622,2665,2622,2662,2657.7,2646.17,971383,25704.43,74150,670924,69.07
TCS,EQ,25-Nov-14,2657.7,2660,2679.4,2616,2647.2,2636,2638.19,1185842,31284.82,108334,724875,61.13
TCS,EQ,26-Nov-14,2636,2630.05,2656.35,2615,2625.15,2627.3,2629.81,792400,20838.65,64737,469924,59.3
TCS,EQ,27-Nov-14,2627.3,2627.3,2668,2625.3,2658,2653.3,2642.06,866209,22885.72,49902,575774,66.47
TCS,EQ,28-Nov-14,2653.3,2658.35,2691.9,2635.35,2642.6,2643,2653.27,994884,26396.99,48620,653714,65.71
TCS,EQ,1-Dec-14,2643,2650.5,2700,2645.25,2691.9,2692.95,2684.75,948177,25456.2,50222,588736,62.09
TCS,EQ,2-Dec-14,2692.95,2693,2710.95,2649.35,2651.4,2657.3,2682.07,718286,19264.97,27819,423257,58.93
TCS,EQ,3-Dec-14,2657.3,2671.9,2673.4,2618.5,2635.15,2635.35,2635.32,1547335,40777.29,60721,1210435,78.23
TCS,EQ,4-Dec-14,2635.35,2664,2667,2629.9,2642,2637.95,2643.38,642654,16987.8,47929,412705,64.22
TCS,EQ,5-Dec-14,2637.95,2640.9,2649.8,2572.15,2575,2578.95,2589.62,1179838,30553.32,76304,921048,78.07
TCS,EQ,8-Dec-14,2578.95,2595,2595,2501.65,2515.7,2512.8,2522.01,1616287,40762.99,83979,1208786,74.79
TCS,EQ,9-Dec-14,2512.8,2516,2559,2509.1,2511.65,2514.85,2532.85,1243970,31507.9,109440,721223,57.98
TCS,EQ,10-Dec-14,2514.85,2515,2531.9,2496.2,2506.7,2507.9,2512.45,1043985,26229.6,100215,745007,71.36
TCS,EQ,11-Dec-14,2507.9,2500.6,2522.9,2487,2496.65,2492.15,2505.66,969411,24290.18,49348,705454,72.77
TCS,EQ,12-Dec-14,2492.15,2500,2520,2422.65,2455,2450.7,2459.33,1190393,29275.64,83243,631746,53.07
TCS,EQ,15-Dec-14,2450.7,2384.9,2385,2352.25,2365,2358.65,2370.64,1743894,41341.48,103344,1080089,61.94
TCS,EQ,16-Dec-14,2358.65,2350,2459.25,2345,2449,2443.05,2426.81,1669570,40517.31,134989,875736,52.45
TCS,EQ,17-Dec-14,2443.05,2453.4,2470,2405.25,2449,2444.1,2445.41,1143538,27964.19,70509,640386,56
TCS,EQ,18-Dec-14,2444.1,2455.1,2468.5,2434.8,2454,2460.7,2453.57,740722,18174.17,45590,429572,57.99
TCS,EQ,19-Dec-14,2460.7,2471.3,2523.75,2468,2521.95,2510.55,2503.39,951565,23821.41,57351,505403,53.11
TCS,EQ,22-Dec-14,2510.55,2526,2529,2474.4,2513.65,2513.4,2495.66,821977,20513.78,75446,498343,60.63
TCS,EQ,23-Dec-14,2513.4,2500,2536.65,2494.6,2517,2516.7,2514.24,633238,15921.11,34288,313846,49.56
TCS,EQ,24-Dec-14,2516.7,2515,2520.85,2465.65,2485,2479.9,2485.3,1644486,40870.36,49855,1095787,66.63
TCS,EQ,26-Dec-14,2479.9,2486,2510,2465,2509.35,2505,2488.46,313103,7791.43,18772,109032,34.82
TCS,EQ,29-Dec-14,2505,2508,2536.95,2507,2521.4,2522.9,2522.46,389460,9823.96,27095,219364,56.33
TCS,EQ,30-Dec-14,2522.9,2525,2542.45,2516,2530,2530.05,2530.17,350671,8872.56,29747,174744,49.83
TCS,EQ,31-Dec-14,2530.05,2532.7,2566.4,2525,2564,2558.25,2545.03,786896,20026.76,38762,556967,70.78
TCS,EQ,1-Jan-15,2558.25,2567,2567,2541,2550,2545.55,2548.51,183415,4674.34,8002,52870,28.83
TCS,EQ,2-Jan-15,2545.55,2551,2590.95,2550.6,2588.4,2579.45,2568.19,462870,11887.4,27585,309350,66.83
TCS,EQ,5-Jan-15,2579.45,2581,2599.9,2524.65,2538.1,2540.25,2563.94,877121,22488.86,43234,456728,52.07
TCS,EQ,6-Jan-15,2540.25,2529.1,2529.1,2440,2450.05,2446.6,2466.9,1211892,29896.15,84503,714306,58.94
TCS,EQ,7-Jan-15,2446.6,2470,2479.15,2407.45,2426.9,2417.7,2433.96,1318166,32083.62,101741,886368,67.24
TCS,EQ,8-Jan-15,2417.7,2442.4,2449,2420.55,2446,2443.8,2434.81,782704,19057.39,47699,450768,57.59
TCS,EQ,9-Jan-15,2443.8,2455,2519.9,2450,2510,2512.3,2490.01,1598821,39810.82,81743,865777,54.15
TCS,EQ,12-Jan-15,2512.3,2517,2528,2480.25,2527.95,2509.7,2497.82,798003,19932.66,58810,451228,56.54
TCS,EQ,13-Jan-15,2509.7,2520,2530.4,2480.1,2498,2497.9,2509.4,734216,18424.4,49993,386133,52.59
TCS,EQ,14-Jan-15,2497.9,2516,2531.8,2500.5,2525.05,2521.95,2517.54,893548,22495.46,69237,498193,55.75
TCS,EQ,15-Jan-15,2521.95,2533,2581.75,2523.25,2542.05,2539.1,2550.97,2504960,63900.76,96363,1598846,63.83
TCS,EQ,16-Jan-15,2539.1,2543.7,2545,2484.3,2526,2532.15,2511.39,2646915,66474.44,127847,1372200,51.84
TCS,EQ,19-Jan-15,2532.15,2536,2551,2503,2509,2511,2516.06,567537,14279.54,38860,309156,54.47
TCS,EQ,20-Jan-15,2511,2520,2530,2483.25,2498,2500.45,2498.94,1029283,25721.21,58066,733487,71.26
TCS,EQ,21-Jan-15,2500.45,2522,2522,2488.25,2518,2513.8,2507.75,1155240,28970.55,75976,771316,66.77
TCS,EQ,22-Jan-15,2513.8,2516.5,2521.25,2495.5,2511,2513.55,2509.31,1056607,26513.55,74837,742399,70.26
TCS,EQ,23-Jan-15,2513.55,2514,2532.05,2496.1,2504.1,2503.6,2507.34,1575190,39495.3,94619,1205911,76.56
TCS,EQ,27-Jan-15,2503.6,2512.35,2515,2489.55,2504.2,2502.05,2502.26,1369368,34265.1,71406,1079233,78.81
TCS,EQ,28-Jan-15,2502.05,2503,2544.9,2502.9,2533.4,2539.6,2529.32,1560990,39482.4,101994,1142166,73.17
TCS,EQ,29-Jan-15,2539.6,2538,2568.7,2512.9,2560.7,2544.65,2531.88,1867196,47275.2,67497,1547590,82.88
TCS,EQ,30-Jan-15,2544.65,2560.7,2575,2470,2484,2482.05,2494.94,2908701,72570.25,119200,2355497,80.98
TCS,EQ,2-Feb-15,2482.05,2482,2521.45,2462.05,2516,2514.2,2500.6,1590901,39782.11,89485,1171718,73.65
TCS,EQ,3-Feb-15,2514.2,2511.65,2565,2507.1,2552.25,2558.25,2536.23,1172527,29737.93,75106,701449,59.82
TCS,EQ,4-Feb-15,2558.25,2568,2571.7,2502.1,2514.95,2514.3,2523.08,1122709,28326.87,60615,807091,71.89
TCS,EQ,5-Feb-15,2514.3,2520,2591.7,2519,2553,2552.4,2558.13,2265084,57943.86,77935,1638106,72.32
TCS,EQ,6-Feb-15,2552.4,2553,2594.8,2550.85,2576.1,2575.75,2578.4,1068208,27542.65,82449,582019,54.49
TCS,EQ,9-Feb-15,2575.75,2561.5,2569.1,2500,2512,2512.9,2531.83,1038216,26285.85,72967,695542,66.99
TCS,EQ,10-Feb-15,2512.9,2510,2526.25,2433,2445.5,2441.15,2473.88,1899527,46992.01,114773,1383973,72.86
TCS,EQ,11-Feb-15,2441.15,2455.05,2487.25,2447.25,2460,2459.9,2468.94,1468761,36262.83,115345,1143243,77.84
TCS,EQ,12-Feb-15,2459.9,2479.8,2479.8,2447,2469,2462.15,2462.56,1553990,38267.87,113845,1269759,81.71
TCS,EQ,13-Feb-15,2462.15,2470,2547.75,2460.25,2540,2538.75,2508.49,2079163,52155.63,132132,1521051,73.16
TCS,EQ,16-Feb-15,2538.75,2560,2595,2555,2581.7,2584.8,2576.98,1182196,30464.92,82111,831991,70.38
TCS,EQ,18-Feb-15,2584.8,2585.05,2643,2565.25,2640,2635.65,2605.04,1330007,34647.16,70475,792678,59.6
TCS,EQ,19-Feb-15,2635.65,2636,2687.3,2635,2674.55,2681.05,2660.47,1309001,34825.64,80730,831048,63.49
TCS,EQ,20-Feb-15,2681.05,2698.8,2698.8,2642.25,2664.65,2675.55,2672.56,900794,24074.23,43830,537225,59.64
TCS,EQ,23-Feb-15,2675.55,2671,2722,2671,2700,2696.65,2701.93,807446,21816.6,47641,362669,44.92
TCS,EQ,24-Feb-15,2696.65,2694,2730,2679,2699.35,2704.75,2709.36,1099961,29801.86,46480,685771,62.35
TCS,EQ,25-Feb-15,2704.75,2710,2722,2667.85,2669.7,2672.2,2694.16,883997,23816.3,43048,546944,61.87
TCS,EQ,26-Feb-15,2672.2,2679,2692.75,2625.35,2649.5,2656.45,2655.31,995997,26446.8,56829,565254,56.75
TCS,EQ,27-Feb-15,2656.45,2659.45,2675.75,2616.3,2668,2662.35,2647.84,1438688,38094.21,74413,1003079,69.72
TCS,EQ,28-Feb-15,2662.35,2677,2687.1,2643,2679.55,2675.25,2668.12,589498,15728.49,30189,271598,46.07
TCS,EQ,2-Mar-15,2675.25,2679.7,2708.95,2652.55,2673.95,2669.4,2664.97,1088019,28995.36,64343,770649,70.83
TCS,EQ,3-Mar-15,2669.4,2682,2790,2676.15,2785.1,2776,2748.34,1712154,47055.77,74770,1068918,62.43
TCS,EQ,4-Mar-15,2776,2788,2812.1,2715.65,2740,2746,2763.04,1931497,53368.06,71983,1405748,72.78
TCS,EQ,5-Mar-15,2746,2750,2770.7,2681.05,2690.1,2696.45,2713.59,1086757,29490.13,45126,677138,62.31
TCS,EQ,9-Mar-15,2696.45,2640,2679.8,2610,2649,2646.8,2647.72,1441587,38169.22,64488,864858,59.99
TCS,EQ,10-Mar-15,2646.8,2648.9,2678.25,2595.25,2638.85,2642.7,2632.78,1518526,39979.41,89030,910422,59.95
TCS,EQ,11-Mar-15,2642.7,2642,2659.95,2597.8,2605.15,2606.55,2622.9,1120100,29379.09,52147,616835,55.07
TCS,EQ,12-Mar-15,2606.55,2623.9,2624.9,2590.1,2618.2,2619.05,2606.76,913818,23821,62767,582972,63.8
TCS,EQ,13-Mar-15,2619.05,2638,2639.95,2575,2585,2582.35,2594.75,793419,20587.21,67541,481480,60.68
TCS,EQ,16-Mar-15,2582.35,2585.2,2610,2552,2560.6,2562.3,2579.88,778148,20075.32,44209,484279,62.23
TCS,EQ,17-Mar-15,2562.3,2582.5,2606.7,2557.75,2583.65,2583.7,2582.66,633659,16365.27,56639,368300,58.12
TCS,EQ,18-Mar-15,2583.7,2590.95,2599.45,2551.7,2556,2559.35,2561.86,627585,16077.85,38991,364010,58
TCS,EQ,19-Mar-15,2559.35,2576,2605.85,2568.1,2602,2596.25,2596.45,1224482,31793.03,71701,888461,72.56
TCS,EQ,20-Mar-15,2596.25,2596,2618,2578.85,2610.85,2610.95,2608.5,981954,25614.23,74415,714293,72.74
TCS,EQ,23-Mar-15,2610.95,2616,2631,2606,2616,2617.15,2616.73,783304,20496.95,59518,575211,73.43
TCS,EQ,24-Mar-15,2617.15,2630,2637,2582.1,2600,2591.3,2617.59,1197439,31344.09,58016,848633,70.87
TCS,EQ,25-Mar-15,2591.3,2591.4,2614,2545.2,2569.85,2573.75,2575.29,1112429,28648.27,75792,825133,74.17
TCS,EQ,26-Mar-15,2573.75,2553.3,2586.7,2501,2515,2513.1,2535.65,1545821,39196.65,82115,1110655,71.85
TCS,EQ,27-Mar-15,2513.1,2531,2571.9,2504.1,2519.9,2514.8,2536.73,1375888,34902.57,76990,947653,68.88
TCS,EQ,30-Mar-15,2514.8,2525,2569.9,2520,2554.2,2564.15,2546.18,669503,17046.75,64141,461568,68.94
TCS,EQ,31-Mar-15,2564.15,2569.45,2569.45,2521,2560,2553.95,2548.15,1213514,30922.15,88908,862309,71.06
TCS,EQ,1-Apr-15,2553.95,2558,2563.6,2522.25,2544.05,2542.65,2538.81,1037879,26349.81,54078,784911,75.63
TCS,EQ,6-Apr-15,2542.65,2558,2562.9,2500.1,2548.3,2547.3,2531.53,784271,19854.05,45408,485665,61.93
TCS,EQ,7-Apr-15,2547.3,2562.45,2599,2544,2588.95,2585,2571.5,943461,24261.11,77106,562689,59.64
TCS,EQ,8-Apr-15,2585,2594,2656.5,2590.85,2646,2641.4,2632,826067,21742.08,61358,496296,60.08
TCS,EQ,9-Apr-15,2641.4,2659,2687.45,2635.15,2662.6,2664.55,2658.35,1272225,33820.18,62583,902143,70.91
TCS,EQ,10-Apr-15,2664.55,2648.5,2670.8,2628,2651.1,2653.75,2648.39,907772,24041.35,63471,625228,68.88
TCS,EQ,13-Apr-15,2653.75,2664,2665,2628,2653.85,2655.5,2650.09,654321,17340.11,54293,451036,68.93
TCS,EQ,15-Apr-15,2655.5,2654.7,2713.9,2609.4,2618.95,2627.75,2646.26,1456967,38555.13,74856,927588,63.67
TCS,EQ,16-Apr-15,2627.75,2626.95,2627,2571.35,2574,2582.8,2589.79,1608785,41664.16,71768,1002627,62.32
TCS,EQ,17-Apr-15,2582.8,2557.1,2560,2470,2473.9,2474.85,2495.54,4834371,120643.5,167402,2989132,61.83
TCS,EQ,20-Apr-15,2474.85,2480.05,2483.9,2424.85,2426,2428.8,2439.46,1445361,35259.03,84591,916671,63.42
TCS,EQ,21-Apr-15,2428.8,2428.8,2452,2401,2427.05,2427.05,2430.81,1273016,30944.65,83843,816116,64.11
TCS,EQ,22-Apr-15,2427.05,2431.5,2473,2407.55,2470.6,2445.1,2428.26,2093406,50833.42,101821,1643446,78.51
TCS,EQ,23-Apr-15,2445.1,2472,2479.8,2431.7,2455,2457.25,2460.81,2171495,53436.38,80541,1743765,80.3
TCS,EQ,24-Apr-15,2457.25,2455.3,2514,2447.55,2509.6,2493.05,2488.25,1812579,45101.46,130453,1306431,72.08
TCS,EQ,27-Apr-15,2493.05,2499.5,2520,2486,2500,2500.2,2501.44,1366526,34182.8,81966,986807,72.21
TCS,EQ,28-Apr-15,2500.2,2510,2510,2455.1,2493,2495,2477.16,1544149,38251.06,128979,1197833,77.57
TCS,EQ,29-Apr-15,2495,2484,2495,2451.05,2481,2487.3,2472.31,1009810,24965.59,100184,626278,62.02
TCS,EQ,30-Apr-15,2487.3,2480,2490,2427.1,2476,2463.7,2461.06,1869027,45997.78,101021,1353129,72.4
TCS,EQ,4-May-15,2463.7,2491,2504.8,2457.2,2482.25,2481.55,2476.14,945315,23407.37,83359,655734,69.37
TCS,EQ,5-May-15,2481.55,2501,2536.45,2500,2519,2517.85,2518.94,1627535,40996.61,69702,1015019,62.37
TCS,EQ,6-May-15,2517.85,2515,2515,2455.8,2463,2463.05,2468.46,1697203,41894.77,97392,1156742,68.16
TCS,EQ,7-May-15,2463.05,2464.9,2553.75,2453.7,2550,2545.25,2522.63,1602514,40425.58,63417,1086092,67.77
TCS,EQ,8-May-15,2545.25,2560,2588,2516.3,2530,2527.25,2552.07,1501832,38327.85,53709,1023782,68.17
TCS,EQ,11-May-15,2527.25,2535,2563.05,2525,2559,2556,2550.07,1286541,32807.65,73023,931788,72.43
TCS,EQ,12-May-15,2556,2560,2565,2513,2523.95,2522.9,2524.91,1233693,31149.58,71964,949366,76.95
TCS,EQ,13-May-15,2522.9,2547,2547,2480.45,2523.1,2515.4,2510.43,931887,23394.42,53692,473256,50.78
TCS,EQ,14-May-15,2515.4,2520,2520,2485,2499,2499.25,2495.09,654525,16330.96,40174,381895,58.35
TCS,EQ,15-May-15,2499.25,2515,2532.4,2501,2511,2511.15,2512.17,730727,18357.13,32934,515976,70.61
TCS,EQ,18-May-15,2511.15,2514.1,2525.25,2497.1,2515.15,2520.4,2505.41,2253876,56468.91,50845,2006146,89.01
TCS,EQ,19-May-15,2520.4,2519.4,2530,2496.75,2512,2512.7,2511.97,978861,24588.74,37527,686093,70.09
TCS,EQ,20-May-15,2512.7,2520,2569.9,2516.9,2557,2557.05,2550.08,948907,24197.9,41995,571725,60.25
TCS,EQ,21-May-15,2557.05,2557,2580,2548.15,2551.9,2555.5,2565.83,789789,20264.64,40459,563782,71.38
TCS,EQ,22-May-15,2555.5,2550,2628.75,2539.25,2621.8,2617.9,2594.64,1345816,34919.06,52428,992008,73.71
TCS,EQ,25-May-15,2617.9,2620,2636.9,2585.7,2600.05,2601,2606.03,491489,12808.34,30375,263444,53.6
TCS,EQ,26-May-15,2601,2605,2623.25,2588.9,2614.95,2608.85,2610.17,980870,25602.41,34315,705361,71.91
TCS,EQ,27-May-15,2608.85,2608,2633.15,2592,2610,2615.25,2615.75,810345,21196.62,50501,600904,74.15
TCS,EQ,28-May-15,2615.25,2603.9,2623,2582.25,2615.9,2609.5,2606.6,1381804,36018.1,52267,1070716,77.49
TCS,EQ,29-May-15,2609.5,2617,2648.6,2597.25,2621.55,2610.3,2614.52,2211766,57826.96,83932,1686200,76.24
TCS,EQ,1-Jun-15,2610.3,2609.45,2647.1,2608.35,2615.2,2617.75,2622.43,441132,11568.4,35794,251151,56.93
TCS,EQ,2-Jun-15,2617.75,2616,2630,2590.5,2605,2599.9,2605.54,1967910,51274.72,54815,1605076,81.56
TCS,EQ,3-Jun-15,2599.9,2604,2625.6,2590.5,2612,2610.9,2611.6,902342,23565.52,41440,635538,70.43
TCS,EQ,4-Jun-15,2610.9,2617.1,2622.8,2588.5,2600.2,2605.65,2606.81,2065734,53849.74,44653,1816025,87.91
TCS,EQ,5-Jun-15,2605.65,2592,2609,2570,2577.5,2575.85,2583.52,1154267,29820.66,52168,848596,73.52
TCS,EQ,8-Jun-15,2575.85,2590,2590,2561.65,2580,2577.45,2576.28,785160,20227.89,62168,543370,69.21
TCS,EQ,9-Jun-15,2577.45,2585,2590,2551,2561.95,2561.65,2574.52,1289457,33197.36,63744,1099487,85.27
TCS,EQ,10-Jun-15,2561.65,2566,2610,2563.8,2600,2600.75,2586.57,1381675,35738.03,42817,1122720,81.26
TCS,EQ,11-Jun-15,2600.75,2605.5,2613,2556.75,2564.25,2571.3,2585.02,923668,23876.98,37803,658949,71.34
TCS,EQ,12-Jun-15,2571.3,2571.9,2588.95,2476.8,2520,2505.8,2526.7,1285728,32486.52,80056,700457,54.48
TCS,EQ,15-Jun-15,2505.8,2505.3,2520.45,2481,2509.5,2504.8,2503.06,1262588,31603.35,57691,1008687,79.89
TCS,EQ,16-Jun-15,2504.8,2500,2519.3,2494.45,2508,2512,2510.7,633698,15910.26,41162,481883,76.04
TCS,EQ,17-Jun-15,2512,2521,2529.15,2501.8,2512,2513.8,2516.05,987860,24855.04,88734,698348,70.69
TCS,EQ,18-Jun-15,2513.8,2515,2546.3,2508,2522,2530.05,2533.09,1082523,27421.24,83019,764949,70.66
TCS,EQ,19-Jun-15,2530.05,2535,2555,2527.1,2550,2549.55,2546.79,999805,25462.96,50051,769320,76.95
TCS,EQ,22-Jun-15,2549.55,2547,2600,2547,2598.3,2591.5,2587.1,551001,14254.95,43692,317646,57.65
TCS,EQ,23-Jun-15,2591.5,2600,2608,2567.2,2585.9,2574.6,2582.03,449159,11597.4,30619,280403,62.43
TCS,EQ,24-Jun-15,2574.6,2580,2587.9,2558.85,2568.7,2570.3,2573.22,585123,15056.52,39464,331254,56.61
TCS,EQ,25-Jun-15,2570.3,2562,2573,2544.15,2552,2550,2553.8,965496,24656.82,36543,728243,75.43
TCS,EQ,26-Jun-15,2550,2550.2,2596.35,2550.2,2590.1,2592.8,2579.82,645051,16641.12,34240,356380,55.25
TCS,EQ,29-Jun-15,2592.8,2572,2604,2543.4,2599,2592.9,2569.67,686378,17637.68,35008,263984,38.46
TCS,EQ,30-Jun-15,2592.9,2585,2588.75,2540,2555,2550.95,2557.03,774976,19816.34,34960,468575,60.46
TCS,EQ,1-Jul-15,2550.95,2563.9,2608,2556.75,2600,2593.1,2584.41,639854,16536.44,50229,405105,63.31
TCS,EQ,2-Jul-15,2593.1,2600,2602.95,2571.05,2582,2577.75,2583.81,722940,18679.4,63066,441786,61.11
TCS,EQ,3-Jul-15,2577.75,2573.05,2610,2570,2603.1,2603.9,2595.18,481735,12501.9,34612,263852,54.77
TCS,EQ,6-Jul-15,2603.9,2580.3,2645,2580.3,2629.7,2633.3,2613.46,591169,15449.99,31304,280866,47.51
TCS,EQ,7-Jul-15,2633.3,2632.75,2646.9,2603,2623.9,2616.25,2627.79,821418,21585.1,51719,531468,64.7
TCS,EQ,8-Jul-15,2616.25,2597.95,2621.7,2580.5,2591.7,2595.1,2596.66,1333925,34637.45,85552,956051,71.67
TCS,EQ,9-Jul-15,2595.1,2595,2598.25,2506.65,2529.35,2522.5,2540.37,1967061,49970.69,142048,1156795,58.81
TCS,EQ,10-Jul-15,2522.5,2559,2559,2455,2467,2474.35,2489.45,4131827,102859.9,211247,2279427,55.17
TCS,EQ,13-Jul-15,2474.35,2475.4,2518.6,2475.4,2506.1,2509.55,2502.25,1140154,28529.46,53024,672149,58.95
TCS,EQ,14-Jul-15,2509.55,2511,2515,2490,2498.85,2499.5,2499.62,851637,21287.67,49611,583671,68.54
TCS,EQ,15-Jul-15,2499.5,2501,2549.95,2500,2548,2545.75,2534.53,1001830,25391.69,76369,665637,66.44
TCS,EQ,16-Jul-15,2545.75,2543.7,2558.85,2526.6,2534.9,2540.2,2543.54,728304,18524.69,58974,449458,61.71
TCS,EQ,17-Jul-15,2540.2,2546.8,2570.1,2543.3,2563.25,2564.4,2558.02,535263,13692.12,39534,299824,56.01
TCS,EQ,20-Jul-15,2564.4,2564,2583.9,2551.9,2579.95,2579.15,2571.54,426893,10977.74,38037,243186,56.97
TCS,EQ,21-Jul-15,2579.15,2576,2600.35,2555.1,2561.7,2561.4,2574.93,637250,16408.75,52304,399441,62.68
TCS,EQ,22-Jul-15,2561.4,2561,2569,2521.05,2530.9,2528.05,2532.4,660314,16721.8,44395,450257,68.19
TCS,EQ,23-Jul-15,2528.05,2517.5,2537.85,2483,2492.05,2488.6,2505.27,748390,18749.16,34659,491798,65.71
TCS,EQ,24-Jul-15,2488.6,2497.5,2516.5,2492.1,2507.1,2505.15,2506.09,787486,19735.08,38528,512154,65.04
TCS,EQ,27-Jul-15,2505.15,2488,2505,2481.15,2501.15,2497.05,2496.91,1001869,25015.78,65507,798854,79.74
TCS,EQ,28-Jul-15,2497.05,2499.5,2519,2492.15,2509.7,2502.05,2509.48,945594,23729.48,48484,759857,80.36
TCS,EQ,29-Jul-15,2502.05,2511,2515.05,2483.5,2515,2506.75,2501.68,1206659,30186.72,85826,966402,80.09
TCS,EQ,30-Jul-15,2506.75,2516.05,2516.8,2472.8,2472.8,2480.65,2490.3,1385287,34497.83,77684,1230247,88.81
TCS,EQ,31-Jul-15,2480.65,2489.9,2519,2487,2511.45,2510.75,2502.23,981888,24569.07,67496,675985,68.85
TCS,EQ,3-Aug-15,2510.75,2503.4,2525,2500.9,2508,2509.6,2514.14,589662,14824.92,50976,404877,68.66
TCS,EQ,4-Aug-15,2509.6,2510.4,2523,2486,2510,2508.9,2500.32,1171346,29287.37,82052,973725,83.13
TCS,EQ,5-Aug-15,2508.9,2520,2550,2511,2544.55,2547.15,2539.25,494497,12556.52,46758,339571,68.67
TCS,EQ,6-Aug-15,2547.15,2565,2583,2550.1,2569.3,2573.3,2566.25,1105683,28374.61,67097,888664,80.37
TCS,EQ,7-Aug-15,2573.3,2573,2573,2547,2559,2552.05,2558.6,594253,15204.58,51065,457333,76.96
TCS,EQ,10-Aug-15,2552.05,2572,2589,2556.6,2575,2572.1,2576.47,715591,18437.02,45499,563414,78.73
TCS,EQ,11-Aug-15,2572.1,2578,2610,2542.1,2600.8,2604.2,2595.57,1100153,28555.27,60746,777937,70.71
TCS,EQ,12-Aug-15,2604.2,2603.1,2691.4,2602,2670,2671.7,2658.48,1739892,46254.6,116770,1317431,75.72
TCS,EQ,13-Aug-15,2671.7,2670,2684,2556,2638.35,2635.6,2652.19,703213,18650.57,47820,460590,65.5
TCS,EQ,14-Aug-15,2635.6,2638,2719.35,2637.1,2692.05,2703.2,2688.81,1146982,30840.16,82195,766818,66.86
TCS,EQ,17-Aug-15,2703.2,2690.1,2696.8,2655,2685.9,2684.75,2673.6,386822,10342.08,30502,206955,53.5
TCS,EQ,18-Aug-15,2684.75,2706.9,2749.9,2690,2745.95,2740.9,2736.66,958463,26229.85,100314,623865,65.09
TCS,EQ,19-Aug-15,2740.9,2750,2752.85,2721.9,2727,2733.6,2739.06,845035,23146,90389,588336,69.62
TCS,EQ,20-Aug-15,2733.6,2745,2745,2672,2686.5,2686.85,2702.74,1174649,31747.72,105196,842334,71.71
TCS,EQ,21-Aug-15,2686.85,2712,2729.9,2655.1,2671,2676.15,2684.3,1768040,47459.43,113746,1315006,74.38
TCS,EQ,24-Aug-15,2676.15,2639,2645,2569.1,2586,2578.65,2599.95,2346172,60999.28,98288,1766434,75.29
TCS,EQ,25-Aug-15,2578.65,2587.9,2622,2535.5,2564.8,2567.15,2574.64,1962900,50537.51,90437,1340952,68.31
TCS,EQ,26-Aug-15,2567.15,2558.05,2639,2511.95,2579.8,2576.75,2591.93,1608079,41680.33,92978,1139025,70.83
TCS,EQ,27-Aug-15,2576.75,2614.9,2614.9,2545.8,2567,2574.65,2572.91,2632399,67729.16,126702,2065390,78.46
TCS,EQ,28-Aug-15,2574.65,2609,2609,2557.7,2563.1,2570.85,2581.92,1372076,35425.85,102566,1063723,77.53
TCS,EQ,31-Aug-15,2570.85,2590,2590,2531.05,2575,2564.05,2566.03,1846022,47369.45,109961,1434044,77.68
TCS,EQ,1-Sep-15,2564.05,2556,2611.2,2530,2533.2,2537.4,2574.5,1493801,38457.9,96695,981661,65.72
TCS,EQ,2-Sep-15,2537.4,2559.7,2620.45,2548,2600,2591.8,2595.11,1882975,48865.23,114103,1263275,67.09
TCS,EQ,3-Sep-15,2591.8,2596.1,2615,2576.25,2606,2605.6,2594.76,1132537,29386.6,91703,745864,65.86
TCS,EQ,4-Sep-15,2605.6,2611.4,2614.9,2539.15,2544,2547.45,2568.96,1213198,31166.52,124154,800848,66.01
TCS,EQ,7-Sep-15,2547.45,2553,2559.95,2532.7,2539.6,2539.75,2546.5,879592,22398.83,73248,638480,72.59
TCS,EQ,8-Sep-15,2539.75,2545,2564.1,2523.5,2540.3,2540.3,2540.52,893873,22709,64944,616912,69.02
TCS,EQ,9-Sep-15,2540.3,2562.95,2574,2544,2551,2549.75,2558.04,1022538,26156.92,62654,625155,61.14
TCS,EQ,10-Sep-15,2549.75,2542,2578.5,2527,2550,2545.4,2553.83,1332909,34040.2,96715,916263,68.74
TCS,EQ,11-Sep-15,2545.4,2546.5,2568.4,2540.6,2549.8,2552,2553.59,796336,20335.17,60997,560414,70.37
TCS,EQ,14-Sep-15,2552,2565,2565,2543,2548,2551.65,2552.98,794659,20287.5,57713,577291,72.65
TCS,EQ,15-Sep-15,2551.65,2551.65,2558.9,2536,2537.25,2547.6,2548.86,689950,17585.84,64604,485074,70.31
TCS,EQ,16-Sep-15,2547.6,2555,2565,2541.05,2548,2550.35,2553.8,878408,22432.76,69451,634884,72.28
TCS,EQ,18-Sep-15,2550.35,2565,2586,2539,2545,2551.25,2565.18,1227647,31491.41,70579,870927,70.94
TCS,EQ,21-Sep-15,2551.25,2550,2557.1,2533.2,2555.65,2551.05,2545.78,554420,14114.3,59635,370607,66.85
TCS,EQ,22-Sep-15,2551.05,2557.5,2572.4,2490,2522.55,2526.8,2545.14,1040623,26485.36,72612,671655,64.54
TCS,EQ,23-Sep-15,2526.8,2534.3,2557.75,2512.6,2534.6,2532.65,2533.36,614176,15559.32,37626,345011,56.17
TCS,EQ,24-Sep-15,2532.65,2535.5,2590,2529.9,2579,2580.4,2561.8,1177127,30155.63,71506,824902,70.08
TCS,EQ,28-Sep-15,2580.4,2594,2619,2579.5,2600,2593.7,2603.35,1183406,30808.21,77392,894029,75.55
TCS,EQ,29-Sep-15,2593.7,2583.35,2634,2569.85,2592,2588.25,2603.73,1662976,43299.46,103754,1244496,74.84
TCS,EQ,30-Sep-15,2588.25,2643.7,2643.7,2570.95,2585,2588.05,2585.98,1684168,43552.27,81073,1273762,75.63
TCS,EQ,1-Oct-15,2588.05,2599,2649.95,2592.2,2641.1,2644.6,2630.47,1417204,37279.14,94874,1002629,70.75
TCS,EQ,5-Oct-15,2644.6,2652.7,2770,2652.7,2719.9,2711.65,2711.39,2403653,65172.48,146358,1616394,67.25
TCS,EQ,6-Oct-15,2711.65,2725,2726,2684,2686.2,2700,2704.9,1989795,53821.89,96553,1635016,82.17
TCS,EQ,7-Oct-15,2700,2693.95,2717,2646.95,2655,2653.95,2677.99,1032765,27657.31,102318,683381,66.17
TCS,EQ,8-Oct-15,2653.95,2670,2678.35,2620,2631.9,2633.8,2642.62,1178775,31150.49,102041,865714,73.44
TCS,EQ,9-Oct-15,2633.8,2650.5,2650.6,2608,2630,2629.65,2628.83,1124862,29570.73,68120,837088,74.42
TCS,EQ,12-Oct-15,2629.65,2655,2660.35,2587,2597.7,2592.6,2612.17,1227956,32076.25,84883,675044,54.97
TCS,EQ,13-Oct-15,2592.6,2602.8,2612,2567.6,2586.85,2598.55,2589.61,3089856,80015.36,129714,1303446,42.18
TCS,EQ,14-Oct-15,2598.55,2548,2548,2480,2480.9,2483.7,2502.59,4168564,104322.2,175646,2297432,55.11
TCS,EQ,15-Oct-15,2483.7,2490,2503.5,2465,2468.8,2467.75,2478.15,1607855,39845.12,107563,1101822,68.53
TCS,EQ,16-Oct-15,2467.75,2480.9,2492,2470,2472,2473.75,2477.86,1166914,28914.52,68190,791055,67.79
TCS,EQ,19-Oct-15,2473.75,2490,2494.95,2455.85,2493.95,2488.75,2473.9,1565321,38724.5,55224,1047364,66.91
TCS,EQ,20-Oct-15,2488.75,2496.25,2530,2495.6,2523.2,2526.75,2520.95,1347542,33970.9,60572,942992,69.98
TCS,EQ,21-Oct-15,2526.75,2535,2542,2522.25,2526,2530,2532.48,964844,24434.49,80004,691629,71.68
TCS,EQ,23-Oct-15,2530,2548,2548,2527.3,2536.95,2537.15,2534.65,1167699,29597.13,39962,862305,73.85
TCS,EQ,26-Oct-15,2537.15,2549,2549,2515.1,2540,2536.55,2530.16,707315,17896.22,58521,469883,66.43
TCS,EQ,27-Oct-15,2536.55,2530.05,2544.9,2520.35,2528.9,2531.1,2531.42,765210,19370.67,47064,541265,70.73
TCS,EQ,28-Oct-15,2531.1,2510.05,2533.55,2510.05,2528,2529.1,2524.11,627671,15843.12,43535,444506,70.82
TCS,EQ,29-Oct-15,2529.1,2533.55,2535.4,2490.05,2496,2495.35,2500.06,1565158,39129.86,61541,1065888,68.1
TCS,EQ,30-Oct-15,2495.35,2500,2511.9,2485,2500,2495.2,2495.93,758348,18927.87,41071,519557,68.51
TCS,EQ,2-Nov-15,2495.2,2500,2522.8,2487.55,2518,2517.35,2507.96,659647,16543.69,48056,480522,72.85
TCS,EQ,3-Nov-15,2517.35,2528,2547.8,2518.5,2538.85,2543.45,2536.88,682453,17313.03,39895,502388,73.62
TCS,EQ,4-Nov-15,2543.45,2545,2547.2,2520,2526.75,2533.8,2532.27,495717,12552.9,41282,284406,57.37
TCS,EQ,5-Nov-15,2533.8,2530.8,2534.95,2480,2485,2482.65,2496.94,798049,19926.77,38722,556372,69.72
TCS,EQ,6-Nov-15,2482.65,2492,2518.25,2483.45,2505.2,2505.75,2507.54,454012,11384.53,26028,298424,65.73
TCS,EQ,9-Nov-15,2505.75,2495,2502.75,2468.6,2474,2471.35,2477.88,1010778,25045.9,42927,819330,81.06
TCS,EQ,10-Nov-15,2471.35,2472.95,2477,2450,2455,2458.15,2463.3,680960,16774.08,53282,479205,70.37
TCS,EQ,11-Nov-15,2458.15,2475,2475,2450,2472,2468.8,2467.45,67582,1667.55,5197,34003,50.31
TCS,EQ,13-Nov-15,2468.8,2438.05,2438.05,2386.55,2396,2397.4,2405.31,1371616,32991.55,77174,958618,69.89
TCS,EQ,16-Nov-15,2397.4,2390,2390,2356,2376,2374.6,2371.62,1021764,24232.38,67518,701532,68.66
TCS,EQ,17-Nov-15,2374.6,2380.5,2398.45,2375,2390,2390.55,2385.85,992514,23679.89,58593,755518,76.12
TCS,EQ,18-Nov-15,2390.55,2388.9,2388.9,2346,2349.65,2351.45,2358.29,760176,17927.17,43678,506662,66.65
TCS,EQ,19-Nov-15,2351.45,2365.35,2381.6,2352,2367,2362.55,2366.14,933453,22086.81,55764,632570,67.77
TCS,EQ,20-Nov-15,2362.55,2366.5,2423.55,2361.95,2394.5,2398.35,2403.22,1006063,24177.9,60130,575994,57.25
TCS,EQ,23-Nov-15,2398.35,2405.3,2413.4,2382.25,2389.3,2391.05,2397.62,544041,13044.05,42359,351815,64.67
TCS,EQ,24-Nov-15,2391.05,2380.05,2392.45,2365.5,2366,2367.95,2378.62,499320,11876.95,35776,342427,68.58
TCS,EQ,26-Nov-15,2367.95,2377.9,2382.4,2337.85,2346,2345.55,2355.52,1457646,34335.09,77452,969589,66.52
TCS,EQ,27-Nov-15,2345.55,2348,2359.45,2332.5,2354.95,2353.35,2348.7,868603,20400.86,62719,518858,59.73
TCS,EQ,30-Nov-15,2353.35,2365,2391.25,2350.15,2373.55,2364.7,2365.21,2050024,48487.45,85439,1102521,53.78
TCS,EQ,1-Dec-15,2364.7,2362.9,2378.05,2357.05,2359.75,2361.9,2363.85,860997,20352.67,51511,672976,78.16
TCS,EQ,2-Dec-15,2361.9,2378,2378.1,2346.5,2367,2365.2,2362.86,820148,19378.96,38694,580713,70.81
TCS,EQ,3-Dec-15,2365.2,2360,2373,2347,2350,2350.75,2356.59,1141679,26904.68,41715,765969,67.09
TCS,EQ,4-Dec-15,2350.75,2340,2347.3,2321.1,2330,2328.4,2330.08,623046,14517.47,32999,426970,68.53
TCS,EQ,7-Dec-15,2328.4,2332.2,2343.9,2315.25,2321,2319.8,2322.27,691302,16053.9,52150,487587,70.53
TCS,EQ,8-Dec-15,2319.8,2319.4,2349,2317.3,2326.25,2329,2332.95,569982,13297.39,47957,336913,59.11
TCS,EQ,9-Dec-15,2329,2337.9,2372.8,2320,2370,2367.65,2361.23,2641403,62369.54,59592,1365071,51.68
TCS,EQ,10-Dec-15,2367.65,2369,2391.2,2352,2380.95,2384.55,2374.82,861994,20470.84,52429,556996,64.62
TCS,EQ,11-Dec-15,2384.55,2383,2391.95,2363.25,2383.15,2386,2384.13,826189,19697.46,53651,598804,72.48
TCS,EQ,14-Dec-15,2386,2335.2,2387,2330.6,2375,2378.45,2364.84,1359266,32144.43,58637,758806,55.82
TCS,EQ,15-Dec-15,2378.45,2378.45,2385,2363.05,2379.5,2375.85,2375.03,567934,13488.59,52585,421587,74.23
TCS,EQ,16-Dec-15,2375.85,2384,2414.5,2384,2407.5,2408.4,2402.07,717967,17246.09,48074,494205,68.83
TCS,EQ,17-Dec-15,2408.4,2415,2445,2393.35,2434.1,2439.75,2418.57,809422,19576.47,46818,569320,70.34
TCS,EQ,18-Dec-15,2439.75,2420,2434.2,2400.65,2409.8,2416.8,2416.02,1512485,36541.98,47644,1052042,69.56
TCS,EQ,21-Dec-15,2416.8,2419.95,2450,2406.85,2443,2446.4,2428.4,805052,19549.89,41004,425890,52.9
TCS,EQ,22-Dec-15,2446.4,2440,2440,2400,2407,2405.05,2413.33,780429,18834.3,30995,476137,61.01
TCS,EQ,23-Dec-15,2405.05,2415,2435,2410.55,2418.8,2425.8,2425.06,424917,10304.49,31057,253475,59.65
TCS,EQ,24-Dec-15,2425.8,2421,2438.2,2404,2435,2434.25,2424.03,421580,10219.24,21932,188670,44.75
TCS,EQ,28-Dec-15,2434.25,2428,2466.4,2420.2,2456.95,2462.7,2455,1852099,45468.96,43390,1060100,57.24
TCS,EQ,29-Dec-15,2462.7,2458.35,2465.3,2445.75,2449.35,2455.8,2452.26,854262,20948.75,26975,433986,50.8
TCS,EQ,30-Dec-15,2455.8,2453.05,2459,2412.3,2421.7,2418.3,2442.06,802881,19606.82,49464,632180,78.74
TCS,EQ,31-Dec-15,2418.3,2415.75,2448.5,2407.5,2430,2436.85,2428.9,620159,15063.03,42600,400391,64.56
TCS,EQ,1-Jan-16,2436.85,2439,2439,2412.25,2414.1,2416.4,2423.73,356131,8631.65,15545,246115,69.11
TCS,EQ,4-Jan-16,2416.4,2410.15,2414,2366.05,2373,2369.6,2381.76,935092,22271.61,72341,615009,65.77
TCS,EQ,5-Jan-16,2369.6,2385,2386.6,2341,2349.85,2348.95,2353.54,1339010,31514.09,97799,1037513,77.48
TCS,EQ,6-Jan-16,2348.95,2350.2,2386.15,2350.2,2382,2381.6,2374.18,1326614,31496.27,43208,852411,64.25
TCS,EQ,7-Jan-16,2381.6,2370,2382.9,2360,2379,2371.25,2367.71,1599790,37878.37,29836,877850,54.87
TCS,EQ,8-Jan-16,2371.25,2385,2407.35,2372.5,2400.8,2397.6,2396.08,953772,22853.14,29435,596208,62.51
TCS,EQ,11-Jan-16,2397.6,2382.5,2384,2348.85,2362.8,2362.35,2361.63,1465114,34600.59,52084,927856,63.33
TCS,EQ,12-Jan-16,2362.35,2362.7,2365,2301.6,2317,2327.05,2325.68,1741297,40496.99,78442,1022719,58.73
TCS,EQ,13-Jan-16,2327.05,2317,2327,2255.1,2280,2279.2,2283.97,2373046,54199.74,110813,1008246,42.49
TCS,EQ,14-Jan-16,2279.2,2273,2298.9,2250,2280.05,2278.8,2280.21,1371026,31262.31,68867,841660,61.39
TCS,EQ,15-Jan-16,2278.8,2288.85,2291.7,2255,2265.25,2261.1,2267.74,1634704,37070.78,59507,1305490,79.86
TCS,EQ,18-Jan-16,2261.1,2262,2291.9,2260,2280,2277.65,2281.48,1106961,25255.15,36247,824382,74.47
TCS,EQ,19-Jan-16,2277.65,2277,2300,2268.3,2288,2279.3,2277.26,483955,11020.9,37877,314006,64.88
TCS,EQ,20-Jan-16,2279.3,2273.8,2285,2243,2280,2280.1,2268.32,807977,18327.52,47824,573668,71
TCS,EQ,21-Jan-16,2280.1,2285,2289.9,2245.75,2258,2254.5,2258.77,1337768,30217.16,48506,988982,73.93
TCS,EQ,22-Jan-16,2254.5,2273,2302.05,2260,2290,2295.75,2290.27,671589,15381.22,65671,490657,73.06
TCS,EQ,25-Jan-16,2295.75,2301.9,2339,2291.5,2301.7,2304.65,2317.64,698780,16195.18,63300,479449,68.61
TCS,EQ,27-Jan-16,2304.65,2302,2329.95,2281.9,2317,2319.75,2316.74,813493,18846.49,37894,583494,71.73
TCS,EQ,28-Jan-16,2319.75,2315.5,2348.9,2308.05,2345,2331.2,2334.21,1553330,36257.95,52219,1005471,64.73
TCS,EQ,29-Jan-16,2331.2,2358.7,2400,2335.05,2386.1,2391.3,2372.42,1117872,26520.58,51641,842301,75.35
TCS,EQ,1-Feb-16,2391.3,2391.1,2412.95,2359,2395.35,2402.7,2402.94,747637,17965.24,65836,542493,72.56
TCS,EQ,2-Feb-16,2402.7,2409,2433,2379.7,2382,2398.1,2415.55,737794,17821.75,50764,460781,62.45
TCS,EQ,3-Feb-16,2398.1,2387.5,2429.9,2360.3,2424.8,2416.3,2402.39,654346,15719.96,35587,443404,67.76
TCS,EQ,4-Feb-16,2416.3,2421.9,2440,2402,2423,2420.05,2419.99,625023,15125.52,42532,370318,59.25
TCS,EQ,5-Feb-16,2420.05,2408.1,2439.95,2408.1,2424,2421.95,2425.99,701498,17018.26,80411,454027,64.72
TCS,EQ,8-Feb-16,2421.95,2400,2412.05,2347,2354.3,2362.95,2385.01,531829,12684.17,29355,333965,62.8
TCS,EQ,9-Feb-16,2362.95,2333.6,2333.6,2255.6,2280.7,2281.4,2276.64,1244805,28339.78,74469,719530,57.8
TCS,EQ,10-Feb-16,2281.4,2275,2289.9,2258.1,2283,2268.8,2271.48,945366,21473.78,65549,604389,63.93
TCS,EQ,11-Feb-16,2268.8,2280,2289,2171.65,2179.35,2197.95,2231.27,981204,21893.32,73416,582430,59.36
TCS,EQ,12-Feb-16,2197.95,2200,2243.4,2164,2226.3,2226.6,2214.47,1086284,24055.41,85740,632825,58.26
TCS,EQ,15-Feb-16,2226.6,2250,2306.85,2240,2262,2269.15,2278.07,1239856,28244.8,62877,886727,71.52
TCS,EQ,16-Feb-16,2269.15,2266,2282,2243,2262.5,2265.55,2260.28,794351,17954.56,40886,499672,62.9
TCS,EQ,17-Feb-16,2265.55,2265,2279.65,2246.4,2279.65,2275.55,2265.3,792589,17954.55,36080,567844,71.64
TCS,EQ,18-Feb-16,2275.55,2285,2319.75,2278,2312.1,2315.85,2301.08,764570,17593.39,31762,569449,74.48
TCS,EQ,19-Feb-16,2315.85,2307.35,2327,2305.45,2314.9,2319.65,2317.45,439506,10185.34,60217,303871,69.14
TCS,EQ,22-Feb-16,2319.65,2320.25,2343,2305,2325,2315.9,2330.06,662442,15435.33,49580,413311,62.39
TCS,EQ,23-Feb-16,2315.9,2310.25,2319.9,2256.75,2258.1,2264,2277.26,653426,14880.24,42218,445387,68.16
TCS,EQ,24-Feb-16,2264,2262.45,2262.45,2201.2,2216,2210.95,2230.36,829664,18504.52,38290,574352,69.23
TCS,EQ,25-Feb-16,2210.95,2219.8,2228,2185.65,2224.2,2212.85,2204.85,915278,20180.49,45678,673667,73.6
TCS,EQ,26-Feb-16,2212.85,2229.7,2256.9,2199.6,2219.9,2210.5,2218.03,768768,17051.54,37353,521706,67.86
TCS,EQ,29-Feb-16,2210.5,2237,2237,2115,2172,2176.8,2184.95,1095859,23943.99,47672,679639,62.02
TCS,EQ,1-Mar-16,2176.8,2193,2285.1,2162,2281,2276.65,2257.79,999880,22575.17,50318,643213,64.33
TCS,EQ,2-Mar-16,2276.65,2305,2330,2256.25,2320.1,2318.85,2288.84,763743,17480.82,42118,438079,57.36
TCS,EQ,3-Mar-16,2318.85,2336,2391,2301,2369.4,2373.15,2356.33,1324142,31201.1,61441,797518,60.23
TCS,EQ,4-Mar-16,2373.15,2380,2380,2349.55,2369.85,2357.55,2362.52,756483,17872.09,32716,419647,55.47
TCS,EQ,8-Mar-16,2357.55,2342.1,2367,2304.2,2351,2354.3,2342.85,634076,14855.47,33078,350804,55.33
TCS,EQ,9-Mar-16,2354.3,2341,2369.4,2295.15,2360,2357.25,2326.68,1008892,23473.66,45459,607451,60.21
TCS,EQ,10-Mar-16,2357.25,2356.05,2359.85,2314.95,2347,2348.3,2329.26,830833,19352.29,47391,514311,61.9
TCS,EQ,11-Mar-16,2348.3,2340,2390.85,2335,2360,2365.25,2369.33,765264,18131.61,60976,381295,49.83
TCS,EQ,14-Mar-16,2365.25,2362,2398,2340,2346.1,2355,2361.38,818371,19324.84,50401,532800,65.1
TCS,EQ,15-Mar-16,2355,2349.05,2363.5,2320.1,2330.25,2329.9,2333.27,811678,18938.65,34040,519577,64.01
TCS,EQ,16-Mar-16,2329.9,2315,2332,2306.9,2323.55,2327.05,2320.16,959123,22253.15,47662,648450,67.61
TCS,EQ,17-Mar-16,2327.05,2334,2361.8,2332,2349,2352.05,2347.85,1110544,26073.91,51558,820690,73.9
TCS,EQ,18-Mar-16,2352.05,2360,2430,2360,2421.4,2425.85,2408.6,1602035,38586.69,102942,1152246,71.92
TCS,EQ,21-Mar-16,2425.85,2426,2454.95,2420,2449.05,2446.25,2434.69,1168491,28449.19,68915,855867,73.25
TCS,EQ,22-Mar-16,2446.25,2442,2485,2436.5,2470.65,2473.1,2456.21,975992,23972.4,63517,541794,55.51
TCS,EQ,23-Mar-16,2473.1,2487.9,2487.9,2457.3,2479.6,2473.8,2473.02,1139217,28173.12,55908,698388,61.3
TCS,EQ,28-Mar-16,2473.8,2491,2517.15,2461.55,2476,2473.4,2478.01,1660441,41145.83,82490,1133446,68.26
TCS,EQ,29-Mar-16,2473.4,2478,2486.95,2455,2462.4,2469.4,2472.49,919398,22732.05,32196,650064,70.71
TCS,EQ,30-Mar-16,2469.4,2470.9,2505,2460,2490,2489.5,2490.18,1068252,26601.39,66443,840002,78.63
TCS,EQ,31-Mar-16,2489.5,2478.3,2550,2472.15,2530,2520.3,2510.45,2181982,54777.53,76600,1371053,62.84
TCS,EQ,1-Apr-16,2520.3,2505,2520.85,2434.1,2458,2453.9,2467.96,1520700,37530.29,86567,990990,65.17
TCS,EQ,4-Apr-16,2453.9,2456,2488,2447,2476.4,2471.25,2462.56,876176,21576.34,56839,541245,61.77
TCS,EQ,5-Apr-16,2471.25,2470.8,2484.9,2442.05,2460,2462.75,2459.72,745897,18347,39144,438819,58.83
TCS,EQ,6-Apr-16,2462.75,2470,2489,2459.35,2481,2481.9,2477.67,881575,21842.55,48213,578096,65.58
TCS,EQ,7-Apr-16,2481.9,2480,2484.7,2457,2466.25,2470.8,2470.69,1195471,29536.4,50556,893942,74.78
TCS,EQ,8-Apr-16,2470.8,2466,2473.7,2427,2432,2432.05,2438.52,699750,17063.55,51781,462455,66.09
TCS,EQ,11-Apr-16,2432.05,2433,2517,2413,2506.05,2506.65,2456.71,1200324,29488.46,56962,804709,67.04
TCS,EQ,12-Apr-16,2506.65,2498,2525,2488.1,2520.05,2518.15,2502.73,651814,16313.15,41843,379191,58.17
TCS,EQ,13-Apr-16,2518.15,2530,2545,2512.5,2528,2526.2,2524.85,800734,20217.37,51204,497799,62.17
TCS,EQ,18-Apr-16,2526.2,2453,2553.5,2440,2522.4,2519.75,2495.75,3560752,88867.6,185897,1683724,47.29
TCS,EQ,20-Apr-16,2519.75,2534.9,2534.9,2440,2453,2450.35,2472.11,3202512,79169.58,118381,1605452,50.13
TCS,EQ,21-Apr-16,2450.35,2451,2467.4,2412.2,2418.2,2424.4,2440.23,1262862,30816.73,64118,668774,52.96
TCS,EQ,22-Apr-16,2424.4,2419,2435.4,2404.2,2423.4,2417.05,2420.24,982063,23768.31,54414,558188,56.84
